{
	"format_version": "1.8.0",
	"animations": {
		"idle": {
			"loop": true,
			"animation_length": 4,
			"bones": {
				"Body": {
					"rotation": ["math.sin(query.anim_time*180)*0.5", "math.sin(query.anim_time*180-120)*0.5", "math.sin(query.anim_time*180-60)*0.5"],
					"position": [0, "1+math.sin(query.anim_time*180-120)*0.075", "math.sin(query.anim_time*180)*-0.025"]
				},
				"Right_Mandibles": {
					"rotation": {
						"0.0": [0, 0, 0],
						"0.4583": [0, 0, -2],
						"0.5": [0, 0, -2.2433],
						"0.5833": [0, 0, -4.7567],
						"0.625": [0, 0, -5],
						"0.6667": [0, 0, -4.48475],
						"0.7083": [0, 0, -0.51525],
						"0.75": [0, 0, 0],
						"0.7917": [0, 0, -0.10305],
						"0.8333": [0, 0, -0.89695],
						"0.875": [0, 0, -1],
						"0.9167": [0, 0, -1.2396],
						"0.9583": [0, 0, -1.95374],
						"1.0417": [0, 0, -4.04626],
						"1.0833": [0, 0, -4.7604],
						"1.125": [0, 0, -5],
						"1.1667": [0, 0, -4.7567],
						"1.25": [0, 0, -2.2433],
						"1.2917": [0, 0, -2],
						"2.0": [0, 0, 0],
						"2.4583": [0, 0, -2],
						"2.5": [0, 0, -2.2433],
						"2.5833": [0, 0, -4.7567],
						"2.625": [0, 0, -5],
						"2.6667": [0, 0, -4.48475],
						"2.7083": [0, 0, -0.51525],
						"2.75": [0, 0, 0],
						"2.7917": [0, 0, -0.10305],
						"2.8333": [0, 0, -0.89695],
						"2.875": [0, 0, -1],
						"2.9167": [0, 0, -1.2396],
						"2.9583": [0, 0, -1.95374],
						"3.0417": [0, 0, -4.04626],
						"3.0833": [0, 0, -4.7604],
						"3.125": [0, 0, -5],
						"3.1667": [0, 0, -4.7567],
						"3.25": [0, 0, -2.2433],
						"3.2917": [0, 0, -2],
						"4.0": [0, 0, 0]
					}
				},
				"LeftArm": {
					"rotation": ["math.sin(query.anim_time*180)*2.5", 0, "math.sin(query.anim_time*180-120)*1.25"]
				},
				"RightArm": {
					"rotation": ["math.sin(query.anim_time*180)*2.5", 0, "math.sin(query.anim_time*180-120)*-2.5"]
				},
				"RightLegs": {
					"position": [0, 1.25, 0]
				},
				"LeftLegs": {
					"position": [0, 1.25, 0]
				},
				"Left_Mandibles": {
					"rotation": {
						"0.0": [0, 0, 0],
						"0.4583": [0, 0, 2],
						"0.5": [0, 0, 2.2433],
						"0.5833": [0, 0, 4.7567],
						"0.625": [0, 0, 5],
						"0.6667": [0, 0, 4.48475],
						"0.7083": [0, 0, 0.51525],
						"0.75": [0, 0, 0],
						"0.7917": [0, 0, 0.10305],
						"0.8333": [0, 0, 0.89695],
						"0.875": [0, 0, 1],
						"0.9167": [0, 0, 1.2396],
						"0.9583": [0, 0, 1.95374],
						"1.0417": [0, 0, 4.04626],
						"1.0833": [0, 0, 4.7604],
						"1.125": [0, 0, 5],
						"1.1667": [0, 0, 4.7567],
						"1.25": [0, 0, 2.2433],
						"1.2917": [0, 0, 2],
						"2.0": [0, 0, 0],
						"2.4583": [0, 0, 2],
						"2.5": [0, 0, 2.2433],
						"2.5833": [0, 0, 4.7567],
						"2.625": [0, 0, 5],
						"2.6667": [0, 0, 4.48475],
						"2.7083": [0, 0, 0.51525],
						"2.75": [0, 0, 0],
						"2.7917": [0, 0, 0.10305],
						"2.8333": [0, 0, 0.89695],
						"2.875": [0, 0, 1],
						"2.9167": [0, 0, 1.2396],
						"2.9583": [0, 0, 1.95374],
						"3.0417": [0, 0, 4.04626],
						"3.0833": [0, 0, 4.7604],
						"3.125": [0, 0, 5],
						"3.1667": [0, 0, 4.7567],
						"3.25": [0, 0, 2.2433],
						"3.2917": [0, 0, 2],
						"4.0": [0, 0, 0]
					}
				}
			}
		},
		"walk": {
			"loop": true,
			"animation_length": 4,
			"bones": {
				"Body": {
					"rotation": ["math.sin(query.anim_time*720-30)*2.5", 0, "math.sin(query.anim_time*360-90)*1.25"],
					"position": [0, "1+math.sin(query.anim_time*720-90)*0.25", 0]
				},
				"LeftArm": {
					"rotation": ["math.sin(query.anim_time*720-60)*1.25", 0, "math.sin(query.anim_time*720-60)*1.25"]
				},
				"RightArm": {
					"rotation": ["math.sin(query.anim_time*720-60)*1.25", 0, "math.sin(query.anim_time*720-60)*-1.25"]
				},
				"RightLegs": {
					"position": [0, 1.25, 0]
				},
				"RightLeg0": {
					"rotation": [
						"math.clamp(math.sin(query.anim_time*360)*10,0,-10)",
						"math.sin(query.anim_time*360-90)*-10",
						"math.clamp(math.sin(query.anim_time*360)*15,0,15)"
					]
				},
				"RightLeg1": {
					"rotation": [0, "math.sin(query.anim_time*360-180)*-10", "math.clamp(math.sin(query.anim_time*360-90)*15,0,15)"]
				},
				"RightLeg2": {
					"rotation": [0, "math.sin(query.anim_time*360-270)*-10", "math.clamp(math.sin(query.anim_time*360-180)*15,0,15)"]
				},
				"LeftLegs": {
					"position": [0, 1.25, 0]
				},
				"LeftLeg0": {
					"rotation": [
						"math.clamp(math.sin(query.anim_time*360)*10,-10,0)",
						"math.sin(query.anim_time*360-90)*-10",
						"math.clamp(math.sin(query.anim_time*360)*15,-15,0)"
					]
				},
				"LeftLeg1": {
					"rotation": [0, "math.sin(query.anim_time*360-180)*-10", "math.clamp(math.sin(query.anim_time*360-90)*15,-15,0)"]
				},
				"LeftLeg2": {
					"rotation": [0, "math.sin(query.anim_time*360-270)*-10", "math.clamp(math.sin(query.anim_time*360-180)*15,-15,0)"]
				}
			}
		}
	}
}