{
	"format_version": "1.8.0",
	"animations": {
		"idle": {
			"loop": true,
			"animation_length": 2,
			"bones": {
				"Feeler2": {
					"rotation": {
						"0.0": {
							"post": [0, 0, 0],
							"lerp_mode": "catmullrom"
						},
						"0.4583": {
							"post": [0, -1, 0],
							"lerp_mode": "catmullrom"
						},
						"0.5": [0, -1.12165, 0],
						"0.5833": [0, -2.37835, 0],
						"0.625": [0, -2.5, 0],
						"0.6667": [0, -2.24237, 0],
						"0.7083": [0, -0.25763, 0],
						"0.75": [0, 0, 0],
						"0.7917": [0, -0.05153, 0],
						"0.8333": [0, -0.44847, 0],
						"0.875": [0, -0.5, 0],
						"0.9167": [0, -0.6198, 0],
						"0.9583": [0, -0.97687, 0],
						"1.0417": [0, -2.02313, 0],
						"1.0833": [0, -2.3802, 0],
						"1.125": [0, -2.5, 0],
						"1.1667": [0, -2.37835, 0],
						"1.25": [0, -1.12165, 0],
						"1.2917": {
							"pre": [0, -1, 0],
							"post": [0, -1, 0],
							"lerp_mode": "catmullrom"
						},
						"2.0": {
							"post": [0, 0, 0],
							"lerp_mode": "catmullrom"
						}
					}
				},
				"root": {
					"position": [0, 0.5, 0]
				},
				"Feeler1": {
					"rotation": {
						"0.0": {
							"post": [0, 0, 0],
							"lerp_mode": "catmullrom"
						},
						"0.5833": {
							"post": [0, 1, 0],
							"lerp_mode": "catmullrom"
						},
						"0.625": [0, 1.32439, 0],
						"0.7083": [0, 4.67561, 0],
						"0.75": [0, 5, 0],
						"0.7917": [0, 4.48475, 0],
						"0.8333": [0, 0.51525, 0],
						"0.875": [0, 0, 0],
						"0.9167": [0, 0.10305, 0],
						"0.9583": [0, 0.89695, 0],
						"1.0": [0, 1, 0],
						"1.0417": [0, 1.08985, 0],
						"1.0833": [0, 1.35765, 0],
						"1.1667": [0, 2.14235, 0],
						"1.2083": [0, 2.41015, 0],
						"1.25": [0, 2.5, 0],
						"1.2917": [0, 2.37835, 0],
						"1.375": [0, 1.12165, 0],
						"1.4167": {
							"pre": [0, 1, 0],
							"post": [0, 1, 0],
							"lerp_mode": "catmullrom"
						},
						"2.0": {
							"post": [0, 0, 0],
							"lerp_mode": "catmullrom"
						}
					}
				},
				"MouthPart1": {
					"rotation": {
						"0.0": {
							"post": [0, 0, 0],
							"lerp_mode": "catmullrom"
						},
						"0.4583": {
							"post": [0, -1, 0],
							"lerp_mode": "catmullrom"
						},
						"0.5": [0, -1.12165, 0],
						"0.5833": [0, -2.37835, 0],
						"0.625": [0, -2.5, 0],
						"0.6667": [0, -2.24237, 0],
						"0.7083": [0, -0.25763, 0],
						"0.75": [0, 0, 0],
						"0.7917": [0, -0.05153, 0],
						"0.8333": [0, -0.44847, 0],
						"0.875": [0, -0.5, 0],
						"0.9167": [0, -0.6198, 0],
						"0.9583": [0, -0.97687, 0],
						"1.0417": [0, -2.02313, 0],
						"1.0833": [0, -2.3802, 0],
						"1.125": [0, -2.5, 0],
						"1.1667": [0, -2.37835, 0],
						"1.25": [0, -1.12165, 0],
						"1.2917": {
							"pre": [0, -1, 0],
							"post": [0, -1, 0],
							"lerp_mode": "catmullrom"
						},
						"2.0": {
							"post": [0, 0, 0],
							"lerp_mode": "catmullrom"
						}
					}
				},
				"MouthPart2": {
					"rotation": {
						"0.0": {
							"post": [0, 0, 0],
							"lerp_mode": "catmullrom"
						},
						"0.5833": {
							"post": [0, 1, 0],
							"lerp_mode": "catmullrom"
						},
						"0.625": [0, 1.32439, 0],
						"0.7083": [0, 4.67561, 0],
						"0.75": [0, 5, 0],
						"0.7917": [0, 4.48475, 0],
						"0.8333": [0, 0.51525, 0],
						"0.875": [0, 0, 0],
						"0.9167": [0, 0.10305, 0],
						"0.9583": [0, 0.89695, 0],
						"1.0": [0, 1, 0],
						"1.0417": [0, 1.08985, 0],
						"1.0833": [0, 1.35765, 0],
						"1.1667": [0, 2.14235, 0],
						"1.2083": [0, 2.41015, 0],
						"1.25": [0, 2.5, 0],
						"1.2917": [0, 2.37835, 0],
						"1.375": [0, 1.12165, 0],
						"1.4167": {
							"pre": [0, 1, 0],
							"post": [0, 1, 0],
							"lerp_mode": "catmullrom"
						},
						"2.0": {
							"post": [0, 0, 0],
							"lerp_mode": "catmullrom"
						}
					}
				},
				"Body": {
					"rotation": ["math.sin(query.anim_time*180)*0.1", 0, 0],
					"position": [0, "math.sin(query.anim_time*180-60)*0.05", 0]
				},
				"TailBits": {
					"rotation": ["math.sin(query.anim_time*180)*3", 0, 0]
				}
			}
		},
		"walk": {
			"loop": true,
			"animation_length": 2,
			"bones": {
				"Feeler2": {
					"rotation": {
						"0.0": {
							"post": [0, 0, 0],
							"lerp_mode": "catmullrom"
						},
						"0.4583": {
							"post": [0, -1, 0],
							"lerp_mode": "catmullrom"
						},
						"0.5": [0, -1.12165, 0],
						"0.5833": [0, -2.37835, 0],
						"0.625": [0, -2.5, 0],
						"0.6667": [0, -2.24237, 0],
						"0.7083": [0, -0.25763, 0],
						"0.75": [0, 0, 0],
						"0.7917": [0, -0.05153, 0],
						"0.8333": [0, -0.44847, 0],
						"0.875": [0, -0.5, 0],
						"0.9167": [0, -0.6198, 0],
						"0.9583": [0, -0.97687, 0],
						"1.0417": [0, -2.02313, 0],
						"1.0833": [0, -2.3802, 0],
						"1.125": [0, -2.5, 0],
						"1.1667": [0, -2.37835, 0],
						"1.25": [0, -1.12165, 0],
						"1.2917": {
							"pre": [0, -1, 0],
							"post": [0, -1, 0],
							"lerp_mode": "catmullrom"
						},
						"2.0": {
							"post": [0, 0, 0],
							"lerp_mode": "catmullrom"
						}
					}
				},
				"root": {
					"position": [0, 0.5, 0]
				},
				"Feeler1": {
					"rotation": {
						"0.0": {
							"post": [0, 0, 0],
							"lerp_mode": "catmullrom"
						},
						"0.5833": {
							"post": [0, 1, 0],
							"lerp_mode": "catmullrom"
						},
						"0.625": [0, 1.32439, 0],
						"0.7083": [0, 4.67561, 0],
						"0.75": [0, 5, 0],
						"0.7917": [0, 4.48475, 0],
						"0.8333": [0, 0.51525, 0],
						"0.875": [0, 0, 0],
						"0.9167": [0, 0.10305, 0],
						"0.9583": [0, 0.89695, 0],
						"1.0": [0, 1, 0],
						"1.0417": [0, 1.08985, 0],
						"1.0833": [0, 1.35765, 0],
						"1.1667": [0, 2.14235, 0],
						"1.2083": [0, 2.41015, 0],
						"1.25": [0, 2.5, 0],
						"1.2917": [0, 2.37835, 0],
						"1.375": [0, 1.12165, 0],
						"1.4167": {
							"pre": [0, 1, 0],
							"post": [0, 1, 0],
							"lerp_mode": "catmullrom"
						},
						"2.0": {
							"post": [0, 0, 0],
							"lerp_mode": "catmullrom"
						}
					}
				},
				"MouthPart1": {
					"rotation": {
						"0.0": {
							"post": [0, 0, 0],
							"lerp_mode": "catmullrom"
						},
						"0.4583": {
							"post": [0, -1, 0],
							"lerp_mode": "catmullrom"
						},
						"0.5": [0, -1.12165, 0],
						"0.5833": [0, -2.37835, 0],
						"0.625": [0, -2.5, 0],
						"0.6667": [0, -2.24237, 0],
						"0.7083": [0, -0.25763, 0],
						"0.75": [0, 0, 0],
						"0.7917": [0, -0.05153, 0],
						"0.8333": [0, -0.44847, 0],
						"0.875": [0, -0.5, 0],
						"0.9167": [0, -0.6198, 0],
						"0.9583": [0, -0.97687, 0],
						"1.0417": [0, -2.02313, 0],
						"1.0833": [0, -2.3802, 0],
						"1.125": [0, -2.5, 0],
						"1.1667": [0, -2.37835, 0],
						"1.25": [0, -1.12165, 0],
						"1.2917": {
							"pre": [0, -1, 0],
							"post": [0, -1, 0],
							"lerp_mode": "catmullrom"
						},
						"2.0": {
							"post": [0, 0, 0],
							"lerp_mode": "catmullrom"
						}
					}
				},
				"MouthPart2": {
					"rotation": {
						"0.0": {
							"post": [0, 0, 0],
							"lerp_mode": "catmullrom"
						},
						"0.5833": {
							"post": [0, 1, 0],
							"lerp_mode": "catmullrom"
						},
						"0.625": [0, 1.32439, 0],
						"0.7083": [0, 4.67561, 0],
						"0.75": [0, 5, 0],
						"0.7917": [0, 4.48475, 0],
						"0.8333": [0, 0.51525, 0],
						"0.875": [0, 0, 0],
						"0.9167": [0, 0.10305, 0],
						"0.9583": [0, 0.89695, 0],
						"1.0": [0, 1, 0],
						"1.0417": [0, 1.08985, 0],
						"1.0833": [0, 1.35765, 0],
						"1.1667": [0, 2.14235, 0],
						"1.2083": [0, 2.41015, 0],
						"1.25": [0, 2.5, 0],
						"1.2917": [0, 2.37835, 0],
						"1.375": [0, 1.12165, 0],
						"1.4167": {
							"pre": [0, 1, 0],
							"post": [0, 1, 0],
							"lerp_mode": "catmullrom"
						},
						"2.0": {
							"post": [0, 0, 0],
							"lerp_mode": "catmullrom"
						}
					}
				},
				"Body": {
					"rotation": ["math.sin(query.anim_time*720)*0.1", 0, "math.sin(query.anim_time*720)*2.5"],